location,f1_score,size
Hungary,0.9832085097145338,60
Switzerland,0.4347826086956521,23
Cleveland,0.5095562332404437,56
Virginia,0.4486064755384397,45
