location,f1_score,size
Hungary,0.755171568627451,60
Switzerland,0.3125393824826717,23
Cleveland,0.4884920634920635,56
Virginia,0.3337262190791363,45
