location,f1_score,size
Hungary,1.0,60
Switzerland,0.5339435545385202,23
Cleveland,0.5421245421245422,56
Virginia,0.35254375254375253,45
